{"srcfs/bin/tedit._asm": {"hash": "-8305610617327645779", "len": 2253}, "srcfs/bin/explorer._asm": {"hash": "2836324085527682811", "len": 6045}, "srcfs/bin/usbsend._asm": {"hash": "3283358237009020179", "len": 6911}, "srcfs/bin/fs_updater._asm": {"hash": "6130920301419520724", "len": 752}, "srcfs/bin/main.unused": {"hash": "3688731442078926394", "len": 13678}, "srcfs/bin/usbrun._asm": {"hash": "-8093767802252342816", "len": 6883}, "srcfs/bin/fexplore._asm": {"hash": "-1474881571508747556", "len": 7426}, "srcfs/bin/usb_event_strings.unused": {"hash": "-471167843256556356", "len": 2497}, "srcfs/bin/memedit._asm": {"hash": "7793005623096100367", "len": 9169}, "srcfs/lib/graphx._asm": {"hash": "-8105847318604557507", "len": 132690}, "srcfs/lib/usbdrvce._asm": {"hash": "6097309719735842683", "len": 75973}, "srcfs/lib/libload._asm": {"hash": "5889800097467842652", "len": 16974}, "srcfs/lib/fatdrvce._asm": {"hash": "1197118575512938180", "len": 23121}, "srcfs/lib/fileioc._asm": {"hash": "6943573683561872642", "len": 31503}, "srcfs/lib/fontlibc._asm": {"hash": "1779781117232797075", "len": 46463}, "srcfs/lib/fat.unused": {"hash": "3491638402156346460", "len": 52307}, "srcfs/lib/srldrvce._asm": {"hash": "-3636225001313145182", "len": 33740}, "srcfs/lib/keypadc._asm": {"hash": "-1080101892490162717", "len": 2455}, "srcfs/lib/zxgfxlib.unused": {"hash": "-870910248334109758", "len": 2322}, "srcfs/bin/fs_updater.unused": {"hash": "-2964685480124473516", "len": 752}}