{"srcfs/bin/tedit._asm": {"hash": "5671836671881212623", "len": 2253}, "srcfs/bin/explorer._asm": {"hash": "3561291087758389639", "len": 6045}, "srcfs/bin/usbsend._asm": {"hash": "3012098586531684308", "len": 6911}, "srcfs/bin/fs_updater._asm": {"hash": "6130920301419520724", "len": 752}, "srcfs/bin/main.unused": {"hash": "-8134396760277364347", "len": 13678}, "srcfs/bin/usbrun._asm": {"hash": "-8800795034130169695", "len": 6883}, "srcfs/bin/fexplore._asm": {"hash": "-3641300832160445496", "len": 7426}, "srcfs/bin/usb_event_strings.unused": {"hash": "-6644125577382995283", "len": 2497}, "srcfs/bin/memedit._asm": {"hash": "8741155449253058313", "len": 9169}, "srcfs/lib/graphx._asm": {"hash": "-7883909502901214877", "len": 132690}, "srcfs/lib/usbdrvce._asm": {"hash": "2807587673676110861", "len": 75973}, "srcfs/lib/libload._asm": {"hash": "-8111939594383333160", "len": 16974}, "srcfs/lib/fatdrvce._asm": {"hash": "-5936575873992262547", "len": 23121}, "srcfs/lib/fileioc._asm": {"hash": "6986272593525827471", "len": 31503}, "srcfs/lib/fontlibc._asm": {"hash": "-1613023634865693461", "len": 46463}, "srcfs/lib/fat.unused": {"hash": "8260952661977781006", "len": 52307}, "srcfs/lib/srldrvce._asm": {"hash": "-4593207082104788023", "len": 33740}, "srcfs/lib/keypadc._asm": {"hash": "4206004661834300625", "len": 2455}, "srcfs/lib/zxgfxlib.unused": {"hash": "-2729199342349182845", "len": 2322}, "srcfs/bin/fs_updater.unused": {"hash": "-5651501963059322145", "len": 752}}