{
	"srcfs/lib/fileioc._asm":{
		"bin": "fs/lib/FILEIOC.LLL"
	},
	"srcfs/lib/graphx._asm":{
		"bin": "fs/lib/GRAPHX.LLL"
	},
	"srcfs/lib/libload._asm":{
		"bin": "fs/lib/LibLoad.LLL"
	},
	"srcfs/lib/keypadc._asm":{
		"bin": "fs/lib/KEYPADC.LLL"
	},
	"srcfs/lib/srldrvce._asm":{
		"bin": "fs/lib/SRLDRVCE.LLL"
	},
	"srcfs/lib/usbdrvce._asm":{
		"bin": "fs/lib/USBDRVCE.LLL"
	},
	"srcfs/lib/fontlibc._asm":{
		"bin": "fs/lib/FONTLIBC.LLL"
	},
	"srcfs/lib/fatdrvce._asm":{
		"bin": "fs/lib/FATDRVCE.LLL"
	},
	"srcfs/lib/zxgfxlib._asm":{
		"bin": "fs/lib/ZXGFXLIB.LLL"
	}
}
